<?xml version="1.0" encoding="UTF-8"?><!DOCTYPE books PUBLIC '-//Books'    'books.dtd'><?xml-stylesheet href="books.css" type="text/css"?><books>    <book id="cpp">        <title>The Late Night Guide to C++</title>        <author>Nigel Chapman</author>        <price sterling="29.95" euro="50"/>        <publisher>John Wiley &amp; Sons</publisher>        <numberinstock current="1" ordered="6"/>    </book>    <book id="perl">        <title>Perl: The Programmer's Companion</title>        <author>Nigel Chapman</author>        <price sterling="24.95" euro="44"/>        <publisher>John Wiley &amp; Sons</publisher>        <numberinstock current="0" ordered="0"/>    </book>    <book id="dmm">        <title>Digital Multimedia</title>        <author>Nigel Chapman</author>        <author>Jenny Chapman</author>        <price sterling="27.95" euro="48"/>        <publisher>John Wiley &amp; Sons</publisher>        <numberinstock current="12" ordered="20"/>    </book></books>